Año,Título,Autores,Fuente,DOI,Acceso,Descarga,Relevancia
2012,Learning-Based Model Predictive Control on a Quadrotor: Onboard Implementation and Experimental Results,Patrick Bouffard; Anil Aswani; Claire J. Tomlin,IEEE ICRA,10.1109/ICRA.2012.6225035,Sí,https://people.eecs.berkeley.edu/~tomlin/papers/BAT12.pdf,Trabajo fundacional: LBMPC a bordo; aprende efectos no modelados como ground effect.
2017,Gaussian Process Model Predictive Control of an Unmanned Quadrotor,Gang Cao; Edmund M.-K. Lai; Fakhrul Alam,Journal of Intelligent & Robotic Systems,10.1007/s10846-017-0549-y,"Sí, versión de autor",https://openrepository.aut.ac.nz/bitstreams/2f886f04-ebdd-4c96-9289-6caa33e69e73/download,MPC con modelo probabilístico GP obtenido de datos y restricciones de entrada/salida.
2020,Learning-Based Model Predictive Control: Toward Safe Learning in Control,Lukas Hewing; Kim P. Wabersich; Marcel Menner; Melanie N. Zeilinger,"Annual Review of Control, Robotics, and Autonomous Systems",10.1146/annurev-control-090419-075625,Página de revisión,https://doi.org/10.1146/annurev-control-090419-075625,"Revisión teórica clave de Learning-Based MPC, seguridad y aprendizaje de dinámica/controlador."
2020,Safe Learning-based Tracking Control for Quadrotors under Wind Disturbances,Lei Zheng; Rui Yang; Jiesen Pan; Hui Cheng,arXiv,10.48550/arXiv.2009.01992,Sí,https://arxiv.org/pdf/2009.01992,GP para estimar perturbaciones de viento y seguridad mediante CBF/QP.
2021,Data-Driven MPC for Quadrotors,Guillem Torrente; Elia Kaufmann; Philipp Foehn; Davide Scaramuzza,IEEE Robotics and Automation Letters,10.1109/LRA.2021.3061307,"Sí, preprint del autor",https://rpg.ifi.uzh.ch/docs/RAL21_Torrente.pdf,GP residual + MPC para vuelo rápido; validación real.
2021,Learning-Based Predictive Path Following Control for Nonlinear Systems Under Uncertain Disturbances,Rui Yang; Lei Zheng; Jiesen Pan; Hui Cheng,IEEE Robotics and Automation Letters,10.1109/LRA.2021.3062805,"Sí, preprint",https://arxiv.org/pdf/2212.13053,GP online para perturbaciones desconocidas y control predictivo bajo viento.
2022,Safe Learning-based Gradient-free Model Predictive Control Based on Cross-entropy Method,Lei Zheng; Rui Yang; Zhixuan Wu; Jiesen Pan; Hui Cheng,Engineering Applications of Artificial Intelligence,10.1016/j.engappai.2022.104731,"Sí, preprint",https://arxiv.org/pdf/2102.12124,"Learning-based MPC con GP incremental, CEM y seguridad probabilística."
2022,Interpretable Stochastic Model Predictive Control using Distributional Reinforced Estimation for Quadrotor Tracking Systems,Yanran Wang; James O'Keeffe; Qiuchen Qian; David Boyle,arXiv,10.48550/arXiv.2205.07150,Sí,https://arxiv.org/pdf/2205.07150,Distributional RL estima perturbaciones aerodinámicas y alimenta SMPC.
2022,Neural Network Based Model Predictive Control for a Quadrotor UAV,Autores del artículo,Aerospace (MDPI),10.3390/aerospace9080460,Sí,https://www.mdpi.com/2226-4310/9/8/460/pdf,Red neuronal aprende dinámica traslacional y se usa dentro del MPC.
2023,DATT: Deep Adaptive Trajectory Tracking for Quadrotor Control,Kevin Huang; Rwik Rana; Alexander Spitzer; Guanya Shi; Byron Boots,Conference on Robot Learning (PMLR 229),,Sí,https://proceedings.mlr.press/v229/huang23a/huang23a.pdf,RL + control adaptativo L1; comparador fuerte no-MPC bajo perturbaciones.
2024,Online Learning and Control for Data-Augmented Quadrotor Model,Matej Smid; Jindrich Dunik,IFAC-PapersOnLine,10.1016/j.ifacol.2024.08.532,"Sí, preprint",https://arxiv.org/pdf/2304.00503,Recursive GP identifica drag online y actualiza el modelo usado por MPC.
2024,Fixed-time Disturbance Observer-Based MPC Robust Trajectory Tracking Control of Quadrotor,Liwen Xu; Bailing Tian; Cong Wang; Junjie Lu; Dandan Wang; Zhiyu Li; Qun Zong,IEEE/ASME Transactions on Mechatronics,10.1109/TMECH.2024.3503062,"Sí, preprint",https://arxiv.org/pdf/2408.15019,Observador de perturbaciones de tiempo fijo + MPC; simulación y experimento real.
2025,Trajectory Tracking Controller for Quadrotor by Continual Reinforcement Learning in Wind-Disturbed Environment,Autores del artículo,Sensors,10.3390/s25164895,Sí,https://www.mdpi.com/1424-8220/25/16/4895/pdf,Aprendizaje por refuerzo continuo frente a viento variable; aborda catastrophic forgetting.
2025,Online Continual Physics-Informed Learning for Quadrotor State Estimation Under Wind-Induced Disturbances,Yanhui Liu; Shuopeng Wang; Junhua Shi; Lina Hao,Aerospace,10.3390/aerospace12080704,Sí,https://www.mdpi.com/2226-4310/12/8/704/pdf,PINN + continual backpropagation; propone integrar a futuro con MPC.
2025,PI-WAN: A Physics-Informed Wind-Adaptive Network for Quadrotor Dynamics Prediction in Unknown Environments,Mengyun Wang; Bo Wang; Yifeng Niu; Chang Wang,arXiv,10.48550/arXiv.2507.00816,Sí,https://arxiv.org/pdf/2507.00816,Red physics-informed adaptativa al viento integrada en MPC.
2025,A robust and adaptive MPC formulation for Gaussian process models,Mathieu Dubied; Amon Lahr; Melanie N. Zeilinger; Johannes Köhler,arXiv,10.48550/arXiv.2507.02098,Sí,https://arxiv.org/pdf/2507.02098,MPC robusto/adaptativo con GP y garantías; ejemplo de quadrotor planar.
2026,KNODEOB-MPC: A Knowledge-Based Neural ODE With Online Observer MPC Framework for Quadrotor,Xiaoqiang Ren; Yizhou Ji; Jiajun Qian; Liang Xu; Xiaofan Wang,International Journal of Robust and Nonlinear Control,10.1002/rnc.70444,PDF accesible,https://onlinelibrary.wiley.com/doi/pdf/10.1002/rnc.70444,Neural ODE residual + observador online + MPC y análisis de estabilidad.
2026,Tiny Learning-Based MPC for Multirotors: Solver-Aware Learning for Efficient Embedded Predictive Control,Babak Akbari; Justin Frank; Melissa Greeff,Mechatronics,10.1016/j.mechatronics.2025.103452,Sí,https://arxiv.org/pdf/2410.23634,LB-MPC embebido a 100 Hz en Crazyflie 2.1/Teensy 4.0.
2026,Physics-informed sparse identification-based tube model predictive control for aerial vehicles,Tayyab Manzoor; Yasir Ali; Yuanqing Xia; Lijie You; Yan Wang,Engineering Applications of Artificial Intelligence,10.1016/j.engappai.2026.115494,"Sí, preprint",https://arxiv.org/pdf/2605.23354,PIML interpretable + tube MPC adaptativo + garantías de factibilidad/ISS.
2026,Uncertainty-aware model predictive control with learning-based residual dynamics compensation for agile quadrotor trajectory tracking,Ruiqi Feng; Zhihong Liu; Keyi Luo; Yunhao Liu; et al.,Chinese Journal of Aeronautics,10.1016/j.cja.2026.104424,"Sí, CC",https://doi.org/10.1016/j.cja.2026.104424,Red probabilística residual + chance-constrained MPC; trabajo muy cercano al tema original.
2026,Robust Quadrotor Trajectory Tracking Under Multimodal Wind Disturbances via Residual-Aware Deep Reinforcement Learning,Kunpeng Qi; Chunhong Liu; Zhihong Liu,Drones,10.3390/drones10080575,Sí,https://www.mdpi.com/2504-446X/10/8/575/pdf,DRL residual-aware bajo viento multimodal/OOD; comparador no-MPC.
